Diff Between Pulses ;  ACC
0.8300032433023853;0.8300032433023853;0
0.7300028525430619;1.5600060958454471;1
0.7000027353152647;2.260008831160712;2
0.7750030283847571;3.035011859545469;3
0.7750030283847575;3.8100148879302265;4
0.7300028525430622;4.540017740473289;5
0.7550029502328925;5.295020690706181;6
0.7550029502328925;6.050023640939074;7
0.725002833005095;6.775026473944169;8
0.7250028330050959;7.500029306949265;9
0.7950031065366217;8.295032413485886;10
0.7500029306949276;9.045035344180814;11
0.7050027548532309;9.750038099034045;12
0.7800030479227225;10.530041146956767;13
0.7650029893088259;11.295044136265593;14
0.7350028720810275;12.03004700834662;15
0.7150027939291626;12.745049802275783;16
0.7350028720810275;13.480052674356811;17
0.7100027743911976;14.190055448748009;18
0.6750026376254343;14.865058086373443;19
0.6750026376254343;15.540060723998877;20
0.660002579011536;16.200063303010413;21
0.6550025594735658;16.85506586248398;22
0.6900026962393326;17.54506855872331;23
0.660002579011536;18.205071137734848;24
0.7250028330050959;18.930073970739944;25
0.7850030674606892;19.715077038200633;26
0.7200028134671292;20.435079851667762;27
0.8450033019162859;21.280083153584048;28
0.8100031651505191;22.090086318734567;29
0.7500029306949259;22.840089249429493;30
0.7900030869986558;23.63009233642815;31
0.7700030088467926;24.40009534527494;32
0.7250028330050959;25.125098178280037;33
0.7550029502328925;25.88010112851293;34
0.7050027548532292;26.58510388336616;35
0.7050027548532327;27.29010663821939;36
0.7200028134671292;28.01010945168652;37
0.6800026571633992;28.69011210884992;38
0.6950027157772993;29.38511482462722;39
0.7000027353152625;30.085117559942482;40
0.6850026767013695;30.77012023664385;41
0.7100027743911959;31.480123011035047;42
0.7550029502328925;32.23512596126794;43
0.6900026962393326;32.92512865750727;44
0.7300028525430591;33.65513151005033;45
0.7450029111569592;34.40013442120729;46
0.6950027157772993;35.09513713698459;47
0.7350028720810329;35.83014000906562;48
0.7100027743911923;36.540142783456815;49
0.6950027157772993;37.235145499234115;50
0.7150027939291661;37.95014829316328;51
0.6950027157772993;38.64515100894058;52
0.6800026571633992;39.32515366610398;53
0.700002735315266;40.025156401419245;54
0.6850026767013659;40.71015907812061;55
0.6500025399355991;41.36016161805621;56
0.6800026571633992;42.04016427521961;57
0.6600025790115396;42.70016685423115;58
0.6500025399355991;43.35016939416675;59
0.6250024422457727;43.97517183641252;60
0.6550025594735729;44.630174395886094;61
0.6250024422457727;45.25517683813187;62
0.6100023836318726;45.86517922176374;63
0.7050027548532256;46.570181976616965;64
0.7700030088467926;47.34018498546376;65
0.7700030088467926;48.11018799431055;66
0.7700030088467926;48.88019100315734;67
0.7600029697708592;49.6401939729282;68
0.7750030283847522;50.415197001312954;69
0.7550029502328925;51.17019995154585;70
0.6850026767013659;51.85520262824721;71
0.7200028134671328;52.575205441714346;72
0.7150027939291661;53.29020823564351;73
0.6950027157772922;53.985210951420804;74
0.7950031065366261;54.78021405795743;75
0.8150031846884858;55.595217242645916;76
0.8250032237644191;56.420220466410335;77
0.7150027939291661;57.1352232603395;78
0.7850030674606856;57.92022632780019;79
0.7500029306949259;58.67022925849511;80
0.700002735315266;59.37023199381038;81
0.7500029306949259;60.120234924505304;82
0.7300028525430662;60.85023777704837;83
0.7650029893088188;61.61524076635719;84
0.9000035168339124;62.5152442831911;85
0.7650029893088259;63.28024727249993;86
0.8200032042264596;64.10025047672639;87
0.7700030088467855;64.87025348557317;88
0.7300028525430662;65.60025633811624;89
0.7850030674606927;66.38525940557693;90
0.7700030088467855;67.15526241442372;91
0.715002793929159;67.87026520835288;92
0.750002930694933;68.62026813904781;93
0.730002852543052;69.35027099159086;94
0.685002676701373;70.03527366829223;95
0.7250028330050924;70.76027650129733;96
0.6650025985495063;71.42527909984683;97
0.7200028134671328;72.14528191331397;98
0.7550029502328925;72.90028486354686;99
0.715002793929159;73.61528765747602;100
0.8050031456125595;74.42029080308858;101
0.7900030869986523;75.21029389008723;102
0.7700030088467855;75.98029689893401;103
0.8200032042264525;76.80030010316047;104
0.750002930694933;77.5503030338554;105
0.7850030674606927;78.33530610131609;106
0.8000031260745857;79.13530922739068;107
0.7250028330050924;79.86031206039577;108
0.7650029893088259;80.6253150497046;109
0.7600029697708521;81.38531801947545;110
0.7300028525430662;82.11532087201851;111
0.8250032237644263;82.94032409578294;112
0.7200028134671186;83.66032690925006;113
0.750002930694933;84.41032983994499;114
0.7500029306949187;85.16033277063991;115
0.7200028134671328;85.88033558410704;116
0.7850030674606927;86.66533865156774;117
0.8000031260745857;87.46534177764232;118
0.7350028720810258;88.20034464972335;119
0.8650033800681598;89.06534802979151;120
0.7750030283847451;89.84035105817625;121
0.7450029111569592;90.58535396933321;122
0.8200032042264525;91.40535717355966;123
0.7400028916189996;92.14536006517866;124
0.7550029502328925;92.90036301541156;125
0.7850030674606927;93.68536608287225;126
0.7250028330050924;94.41036891587734;127
0.7600029697708663;95.17037188564821;128
0.8000031260745857;95.9703750117228;129
0.7400028916189854;96.71037790334178;130
0.8850034582200124;97.59538136156179;131
0.8050031456125595;98.40038450717435;132
0.8550033409922122;99.25538784816656;133
0.7450029111569592;100.00039075932352;134
0.7900030869986665;100.79039384632219;135
0.7550029502328925;101.54539679655508;136
0.715002793929159;102.26039959048424;137
0.7050027548532256;102.96540234533747;138
0.6750026376254397;103.6404049829629;139
0.6650025985495063;104.30540758151241;140
0.6250024422457727;104.93041002375818;141
0.6450025203976253;105.57541254415581;142
0.6550025594735729;106.23041510362938;143
0.6650025985495063;106.89541770217889;144
0.7500029306949187;107.64542063287381;145
0.7550029502328925;108.4004235831067;146
0.8000031260745999;109.2004267091813;147
0.730002852543052;109.93042956172435;148
0.7700030088467997;110.70043257057115;149
0.7750030283847451;111.4754355989559;150
0.7150027939291732;112.19043839288507;151
0.8000031260745857;112.99044151895966;152
0.8050031456125595;113.79544466457222;153
0.7350028720810258;114.53044753665324;154
0.7750030283847593;115.305450565038;155
0.7600029697708521;116.06545353480885;156
0.7300028525430662;116.79545638735192;157
0.7750030283847593;117.57045941573668;158
0.7750030283847451;118.34546244412142;159
0.7200028134671328;119.06546525758856;160
0.7700030088467997;119.83546826643536;161
0.7350028720810258;120.57047113851638;162
0.6950027157772922;121.26547385429367;163
0.7400028916189996;122.00547674591267;164
0.7300028525430662;122.73547959845574;165
0.6900026962393326;123.42548229469507;166
0.7950031065366119;124.22048540123168;167
0.7250028330050924;124.94548823423678;168
0.8150031846884929;125.76049141892527;169
0.8450033019162788;126.60549472084155;170
0.7550029502328925;127.36049767107444;171
0.8250032237644263;128.18550089483887;172
0.7400028916189854;128.92550378645785;173
0.7950031065366261;129.72050689299448;174
0.7750030283847593;130.49550992137924;175
0.7050027548532398;131.20051267623248;176
0.7250028330050782;131.92551550923756;177
0.7400028916190138;132.66551840085657;178
0.7000027353152518;133.36552113617182;179
0.7650029893088401;134.13052412548066;180
0.7400028916189854;134.87052701709965;181
0.715002793929159;135.5855298110288;182
0.7950031065366261;136.38053291756543;183
0.7600029697708521;137.14053588733628;184
0.7850030674607069;137.925538954797;185
0.8050031456125453;138.73054210040954;186
0.7850030674606785;139.51554516787021;187
0.7450029111569734;140.2605480790272;188
0.680002657163385;140.94055073619057;189
0.6950027157773206;141.6355534519679;190
0.6650025985494779;142.30055605051737;191
0.6900026962393326;142.9905587467567;192
0.7100027743911994;143.7005615211479;193
0.6700026180874659;144.37056413923537;194
0.7250028330051066;145.09556697224048;195
0.8000031260745857;145.89557009831506;196
0.8050031456125453;146.7005732439276;197
0.8100031651505333;147.51057640907814;198
0.8200032042264525;148.3305796133046;199
0.8000031260745857;149.13058273937918;200
0.8400032823783192;149.9705860217575;201
0.7350028720810258;150.70558889383852;202
0.7650029893088117;151.47059188314734;203
0.750002930694933;152.22059481384227;204
0.6800026571634135;152.90059747100568;205
0.7750030283847593;153.67560049939044;206
0.7750030283847593;154.4506035277752;207
0.8050031456125453;155.25560667338775;208
0.8850034582200124;156.14061013160776;209
0.8050031456125453;156.9456132772203;210
0.8500033214542668;157.79561659867457;211
0.7900030869986381;158.5856196856732;212
0.7400028916190138;159.32562257729222;213
0.7350028720810258;160.06062544937325;214
0.6950027157772922;160.75562816515054;215
0.6950027157772922;161.45063088092783;216
0.7000027353152802;162.1506336162431;217
0.6700026180874659;162.82063623433058;218
0.7400028916189854;163.56063912594956;219
0.7300028525430662;164.29064197849263;220
0.7750030283847593;165.0656450068774;221
0.8150031846884929;165.88064819156588;222
0.7550029502328925;166.63565114179877;223
0.825003223764412;167.4606543655632;224
0.7300028525430662;168.19065721810625;225
0.6650025985495063;168.85565981665576;226
0.7350028720810258;169.59066268873678;227
0.8350032628403312;170.42566595157712;228
0.8750034191440932;171.3006693707212;229
0.890003477757972;172.19067284847918;230
0.8350032628403596;173.02567611131954;231
0.7950031065366261;173.82067921785617;232
0.7800030479227189;174.6006822657789;233
0.7300028525430662;175.33068511832195;234
0.6950027157772922;176.02568783409924;235
0.6750026376254255;176.70069047172467;236
0.6550025594735871;177.35569303119826;237
0.715002793929159;178.07069582512742;238
0.7800030479227189;178.85069887305013;239
0.7050027548532398;179.55570162790337;240
0.745002911156945;180.30070453906032;241
0.750002930694933;181.05070746975525;242
0.7200028134671186;181.77071028322237;243
0.7750030283847593;182.54571331160713;244
0.7900030869986665;183.3357163986058;245
0.7600029697708521;184.09571936837665;246
0.7300028525430662;184.82572222091972;247
0.6950027157772922;185.520724936697;248
0.7100027743911994;186.2307277110882;249
0.7300028525430662;186.96073056363127;250
0.685002676701373;187.64573324033265;251
0.7200028134671186;188.36573605379976;252
0.7100027743911994;189.07573882819096;253
0.7050027548532398;189.7807415830442;254
0.7200028134671186;190.50074439651132;255
0.715002793929159;191.21574719044048;256
0.7250028330051066;191.9407500234456;257
0.7600029697708521;192.70075299321644;258
0.7250028330051066;193.42575582622155;259
0.7250028330050782;194.15075865922663;260
0.7400028916190138;194.89076155084564;261
0.6900026962393326;195.58076424708497;262
0.7200028134671186;196.3007670605521;263
0.715002793929159;197.01576985448125;264
0.6750026376254255;197.69077249210667;265
0.7050027548532398;198.39577524695991;266
0.750002930694933;199.14577817765485;267
0.7000027353152518;199.8457809129701;268
0.7550029502328925;200.600783863203;269
0.7400028916190138;201.340786754822;270
0.6850026767013446;202.02578943152335;271
0.7250028330051066;202.75079226452846;272
0.715002793929159;203.46579505845762;273
0.6950027157772922;204.1607977742349;274
0.720002813467147;204.88080058770205;275
0.7200028134671186;205.60080340116917;276
0.6650025985495063;206.26580599971868;277
0.6950027157772922;206.96080871549597;278
0.6800026571634135;207.64081137265939;279
0.6850026767013446;208.32581404936073;280
0.6950027157773206;209.02081676513805;281
0.6850026767013446;209.7058194418394;282
0.6650025985495063;210.3708220403889;283
0.6700026180874659;211.04082465847637;284
0.6750026376254539;211.71582729610182;285
0.6600025790115183;212.37582987511334;286
0.6950027157772922;213.07083259089063;287
0.7300028525430662;213.8008354434337;288
0.7100027743911994;214.5108382178249;289
0.7800030479227189;215.29084126574762;290
0.7000027353152802;215.9908440010629;291
0.7350028720810258;216.72584687314392;292
0.10500041029729346;216.83084728344122;293
1.3050050994091578;218.13585238285037;294
0.6200024227078131;218.7558548055582;295
0.7000027353152518;219.45585754087344;296
0.6450025203976395;220.10086006127108;297
0.605002364093906;220.70586242536498;298
0.6150024031698536;221.32086482853484;299
0.6200024227078131;221.94086725124265;300
0.5300020710243984;222.47086932226705;301
0.6900026962393326;223.16087201850638;302
0.6100023836318655;223.77087440213825;303
0.6150024031698536;224.3858768053081;304
0.6000023445559464;224.98587914986405;305
0.6250024422457727;225.61088159210982;306
0.605002364093906;226.21588395620373;307
0.5950023250179584;226.81088628122168;308
0.610002383631894;227.42088866485358;309
0.6200024227077847;228.04089108756136;310
0.610002383631894;228.65089347119326;311
0.6300024617837323;229.280895932977;312
0.6300024617837323;229.91089839476072;313
0.6300024617837323;230.54090085654445;314
0.5950023250179868;231.13590318156244;315
0.57500224686612;231.71090542842856;316
0.6350024813216919;232.34590790975025;317
0.6600025790115467;233.0059104887618;318
0.6400025008596515;233.64591298962145;319
0.6200024227078131;234.26591541232926;320
0.6450025203976395;234.9109179327269;321
0.6650025985495063;235.5759205312764;322
0.6750026376254255;236.25092316890183;323
0.6750026376254255;236.92592580652726;324
0.6300024617837607;237.55592826831102;325
0.6600025790115183;238.21593084732254;326
0.6450025203976395;238.86093336772018;327
0.6400025008596799;239.50093586857986;328
0.680002657163385;240.18093852574324;329
0.6950027157773206;240.87594124152056;330
0.6500025399355991;241.52594378145616;331
0.7000027353152518;242.22594651677142;332
0.6700026180874659;242.89594913485888;333
0.6650025985495063;243.5609517334084;334
0.6550025594735587;244.21595429288195;335
0.6500025399356275;244.86595683281757;336
0.5950023250179584;245.46095915783553;337
0.6350024813217203;246.09596163915725;338
0.6350024813216919;246.73096412047894;339
0.6400025008596799;247.37096662133862;340
0.6100023836318655;247.9809690049705;341
0.6400025008596799;248.62097150583017;342
0.6600025790115183;249.2809740848417;343
0.7250028330051066;250.0059769178468;344
0.6700026180874659;250.67597953593426;345
0.685002676701373;251.36098221263563;346
0.6650025985494779;252.0259848111851;347
0.6500025399356275;252.67598735112074;348
0.6600025790115183;253.33598993013226;349
0.6600025790115467;253.9959925091438;350
0.6400025008596515;254.63599501000346;351
0.6400025008596799;255.27599751086314;352
0.6350024813217203;255.91099999218486;353
0.6500025399355707;256.5610025321204;354
0.6350024813217487;257.1960050134422;355
0.6400025008596231;257.8360075143018;356
0.6350024813217487;258.47100999562355;357
0.6350024813216919;259.10601247694524;358
0.6450025203976111;259.75101499734285;359
0.6400025008596799;260.39101749820253;360
0.6450025203976679;261.0360200186002;361
0.6400025008596231;261.6760225194598;362
0.6350024813217487;262.31102500078157;363
0.6300024617837039;262.9410274625653;364
0.6300024617837607;263.57102992434903;365
0.6400025008596799;264.2110324252087;366
0.6250024422457727;264.8360348674545;367
0.6000023445559464;265.43603721201043;368
0.6150024031697967;266.05103961518023;369
0.6200024227078416;266.67104203788807;370
0.6150024031697967;267.28604444105787;371
0.6450025203976679;267.93104696145554;372
0.6750026376254255;268.60604959908096;373
0.6950027157773206;269.3010523148583;374
0.7550029502328925;270.0560552650912;375
0.7650029893088117;270.8210582544;376
0.7650029893088117;271.5860612437088;377
0.7700030088467997;272.3560642525556;378
0.7000027353152518;273.05606698787085;379
0.6750026376254255;273.7310696254963;380
0.6350024813217487;274.366072106818;381
0.5950023250179584;274.961074431836;382
0.5800022664040512;275.54107669824003;383
0.5650022077902008;276.10607890603023;384
0.5650022077902008;276.67108111382043;385
0.5750022468660632;277.2460833606865;386
0.57500224686612;277.8210856075526;387
0.5950023250179584;278.4160879325706;388
0.5950023250180152;279.0110902575886;389
0.6200024227077847;279.6310926802964;390
0.6250024422457727;280.25609512254215;391
0.6200024227078416;280.87609754525;392
0.6450025203976111;281.5211000656476;393
0.6150024031698536;282.13610246881746;394
0.6500025399355991;282.78610500875305;395
0.6250024422457727;283.4111074509988;396
0.6150024031698536;284.0261098541687;397
0.5900023054799703;284.61611215964865;398
0.6000023445559464;285.2161145042046;399
0.6100023836318655;285.82611688783646;400
0.6350024813216919;286.46111936915815;401
0.6550025594735871;287.11612192863174;402
0.6450025203976679;287.7611244490294;403
0.6750026376254255;288.43612708665484;404
0.6600025790115183;289.09612966566635;405
0.6350024813216919;289.73113214698805;406
0.6150024031698536;290.3461345501579;407
0.5950023250179584;290.94113687517586;408
0.6000023445559464;291.5411392197318;409
0.6050023640939344;292.14614158382574;410
0.6000023445559464;292.7461439283817;411
0.5950023250179584;293.34114625339964;412
0.5900023054800272;293.93114855887967;413
0.5800022664040512;294.5111508252837;414
0.5950023250179584;295.1061531503017;415
0.5900023054800272;295.6961554557817;416
0.6000023445559464;296.29615780033765;417
0.6050023640938775;296.90116016443153;418
0.5950023250180152;297.49616248944955;419
0.6150024031698536;298.1111648926194;420
0.6100023836318655;298.72116727625126;421
0.5950023250179584;299.3161696012692;422
0.6100023836318655;299.9261719849011;423
0.5850022859420392;300.5111742708431;424
0.580002266404108;301.09117653724724;425
0.6200024227077847;301.711178959955;426
0.6200024227077847;302.3311813826628;427
0.6200024227078416;302.95118380537065;428
0.6000023445559464;303.5511861499266;429
0.6100023836318655;304.16118853355846;430
0.5950023250179584;304.7561908585764;431
0.6150024031698536;305.37119326174627;432
0.6150024031698536;305.9861956649161;433
0.5950023250179584;306.5811979899341;434
0.6150024031698536;307.19620039310394;435
0.6050023640938775;307.8012027571978;436
0.5950023250179584;308.3962050822158;437
0.6250024422457727;309.02120752446154;438
0.6200024227078416;309.6412099471694;439
0.6000023445559464;310.24121229172533;440
0.6200024227077847;310.8612147144331;441
0.6200024227077847;311.4812171371409;442
0.5950023250180152;312.0762194621589;443
0.6350024813216919;312.7112219434806;444
0.6100023836318655;313.3212243271125;445
0.5950023250179584;313.91622665213043;446
0.6200024227078416;314.5362290748383;447
0.6150024031698536;315.1512314780081;448
0.5900023054799703;315.7412337834881;449
0.6050023640939344;316.34623614758203;450
0.5900023054799703;316.936238453062;451
0.5850022859420392;317.52124073900404;452
0.6000023445559464;318.12124308356;453
0.5900023054800272;318.71124538904;454
0.57500224686612;319.28624763590614;455
0.5900023054800272;319.87624994138616;456
0.5800022664040512;320.4562522077902;457
0.57500224686612;321.03125445465633;458
0.5850022859420392;321.6162567405984;459
0.5800022664040512;322.1962590070024;460
0.57500224686612;322.77126125386854;461
0.5900023054800272;323.3612635593486;462
0.565002207790144;323.9262657671387;463
0.5900023054800272;324.51626807261874;464
0.5850022859420392;325.1012703585608;465
0.5650022077902008;325.666272566351;466
0.57500224686612;326.2412748132171;467
0.570002227328132;326.81127704054524;468
0.5600021882522128;327.37127922879745;469
0.57500224686612;327.94628147566357;470
0.565002207790144;328.5112836834537;471
0.570002227328132;329.08128591078184;472
0.5900023054800272;329.67128821626187;473
0.580002266404108;330.251290482666;474
0.6000023445558895;330.85129282722187;475
0.5900023054800272;331.4412951327019;476
0.570002227328132;332.01129736003;477
0.580002266404108;332.59129962643414;478
0.57500224686612;333.16630187330026;479
0.5550021687142248;333.7213040420145;480
0.57500224686612;334.2963062888806;481
0.5500021491762936;334.8463084380569;482
0.570002227328132;335.416310665385;483
0.5600021882522128;335.97631285363724;484
0.570002227328132;336.54631508096537;485
0.5650022077902008;337.1113172887556;486
0.570002227328132;337.6813195160837;487
0.5550021687142248;338.23632168479793;488
0.5550021687142817;338.7913238535122;489
0.5550021687142248;339.34632602222644;490
0.5550021687142248;339.90132819094066;491
0.5500021491762936;340.45133034011695;492
0.570002227328132;341.0213325674451;493
0.570002227328132;341.5913347947732;494
0.5550021687142817;342.1463369634875;495
0.565002207790144;342.71133917127764;496
0.57500224686612;343.28634141814376;497
0.5600021882522128;343.846343606396;498
0.5650022077902008;344.4113458141862;499
0.5600021882522128;344.9713480024384;500
0.5550021687142248;345.5263501711526;501
0.5650022077902008;346.0913523789428;502
0.5600021882522128;346.651354567195;503
0.5450021296383056;347.19635669683333;504
0.5450021296383056;347.74135882647164;505
0.5500021491762936;348.29136097564793;506
0.5400021101003176;348.83136308574825;507
0.5250020514864673;349.3563651372347;508
0.5400021101003176;349.89636724733504;509
0.5350020905623865;350.4313693378974;510
0.5300020710244553;350.9613714089219;511
0.5400021101003176;351.5013735190222;512
0.5550021687142817;352.0563756877365;513
0.5550021687142248;352.6113778564507;514
0.5600021882522128;353.1713800447029;515
0.565002207790144;353.73638225249306;516
0.5550021687142817;354.29138442120734;517
0.570002227328132;354.8613866485355;518
0.5650022077902008;355.4263888563257;519
0.5500021491762368;355.9763910055019;520
0.5550021687142817;356.5313931742162;521
0.5500021491762936;357.0813953233925;522
0.5600021882522128;357.6413975116447;523
0.565002207790144;358.20639971943484;524
0.5550021687142248;358.76140188814907;525
0.585002285942096;359.34640417409116;526
0.5750022468660632;359.9214064209572;527
0.5700022273281888;360.4914086482854;528
0.5800022664040512;361.07141091468947;529
0.570002227328132;361.6414131420176;530
0.57500224686612;362.2164153888837;531
0.580002266404108;362.7964176552878;532
0.5750022468660632;363.3714199021539;533
0.57500224686612;363.94642214902;534
0.5650022077902008;364.5114243568102;535
0.5500021491762936;365.0614265059865;536
0.560002188252156;365.62142869423866;537
0.5450021296383625;366.166430823877;538
0.5400021101003176;366.70643293397734;539
0.5500021491762936;367.25643508315363;540
0.5450021296383056;367.80143721279194;541
0.5600021882522128;368.36143940104415;542
0.5500021491762936;368.91144155022045;543
0.5500021491762936;369.46144369939674;544
0.5750022468660632;370.0364459462628;545
0.5600021882522128;370.596448134515;546
0.5850022859420392;371.18145042045705;547
0.580002266404108;371.76145268686116;548
0.5900023054800272;372.3514549923412;549
0.5900023054799703;372.94145729782116;550
0.580002266404108;373.52145956422527;551
0.5950023250179584;374.1164618892432;552
0.570002227328132;374.68646411657136;553
0.580002266404108;375.26646638297547;554
0.5600021882522128;375.8264685712277;555
0.565002207790144;376.3914707790178;556
0.5500021491762936;376.9414729281941;557
0.5500021491762936;377.4914750773704;558
0.5500021491762368;378.04147722654665;559
0.5500021491762936;378.59147937572294;560
0.5500021491762936;379.14148152489923;561
0.5550021687142248;379.69648369361346;562
0.5500021491762936;380.24648584278975;563
0.5350020905623865;380.78148793335214;564
0.5600021882522128;381.34149012160435;565
0.5950023250179584;381.9364924466223;566
0.5650022077902008;382.5014946544125;567
0.5600021882522128;383.0614968426647;568
0.57500224686612;383.63649908953084;569
0.565002207790144;384.201501297321;570
0.5550021687142817;384.75650346603527;571
0.5800022664040512;385.3365057324393;572
0.5800022664040512;385.9165079988434;573
0.5550021687142817;386.47151016755765;574
0.57500224686612;387.0465124144238;575
0.570002227328132;387.6165146417519;576
0.565002207790144;388.18151684954205;577
0.5650022077902008;388.74651905733225;578
0.5500021491762936;389.29652120650854;579
0.565002207790144;389.8615234142987;580
0.5550021687142817;390.41652558301297;581
0.57500224686612;390.9915278298791;582
0.5750022468660632;391.56653007674515;583
0.5650022077902008;392.13153228453535;584
0.5900023054800272;392.7215345900154;585
0.5800022664040512;393.30153685641943;586
0.57500224686612;393.87653910328555;587
0.5900023054800272;394.4665414087656;588
0.5600021882522128;395.0265435970178;589
0.5800022664040512;395.60654586342184;590
0.57500224686612;396.18154811028796;591
0.570002227328132;396.7515503376161;592
0.580002266404108;397.3315526040202;593
0.5600021882522128;397.8915547922724;594
0.570002227328132;398.46155701960055;595
0.570002227328132;399.0315592469287;596
0.5500021491762936;399.581561396105;597
0.565002207790144;400.1465636038951;598
0.5550021687142817;400.7015657726094;599
0.5500021491762368;401.25156792178564;600
0.5700022273281888;401.8215701491138;601
0.570002227328132;402.39157237644196;602
0.5600021882522128;402.95157456469417;603
0.5900023054800272;403.5415768701742;604
0.570002227328132;404.11157909750233;605
0.5850022859420392;404.69658138344437;606
0.5850022859420392;405.2815836693864;607
0.5600021882522128;405.8415858576386;608
0.5850022859420392;406.42658814358066;609
0.570002227328132;406.9965903709088;610
0.570002227328132;407.5665925982369;611
0.57500224686612;408.14159484510304;612
0.5500021491762936;408.69159699427934;613
0.5600021882522128;409.25159918253155;614
0.5600021882522128;409.81160137078376;615
0.5500021491762936;410.36160351996006;616
0.5300020710243984;410.89160559098445;617
0.5400021101003176;411.4316077010848;618
0.5650022077902008;411.996609908875;619
0.570002227328132;412.5666121362031;620
0.5650022077902008;413.1316143439933;621
0.5550021687142248;413.68661651270753;622
0.5600021882522128;414.24661870095974;623
0.5500021491762936;414.79662085013604;624
0.5650022077902008;415.36162305792624;625
0.570002227328132;415.93162528525437;626
0.5550021687142248;416.4866274539686;627
0.570002227328132;417.0566296812967;628
0.5600021882522128;417.61663186954894;629
0.5500021491762936;418.16663401872523;630
0.5550021687142248;418.72163618743946;631
0.5400021101003745;419.26163829753983;632
0.5600021882522128;419.82164048579205;633
0.5500021491762936;420.37164263496834;634
0.5300020710243984;420.90164470599274;635
0.5450021296383056;421.44664683563104;636
0.5350020905623865;421.98164892619343;637
0.5300020710243984;422.5116509972178;638
0.5400021101003745;423.0516531073182;639
0.5300020710243984;423.5816551783426;640
0.5500021491762936;424.1316573275189;641
0.5450021296383056;424.6766594571572;642
0.5300020710243984;425.2066615281816;643
0.5500021491762936;425.7566636773579;644
0.5600021882522128;426.3166658656101;645
0.5550021687142248;426.87166803432433;646
0.5450021296383056;427.41667016396264;647
0.5600021882522128;427.97667235221485;648
0.5450021296383625;428.5216744818532;649
0.5450021296383056;429.0666766114915;650
0.5500021491762368;429.61667876066775;651
0.5300020710244553;430.1466808316922;652
0.5450021296383056;430.6916829613305;653
0.5400021101003176;431.23168507143083;654
0.5550021687142817;431.7866872401451;655
0.5450021296383056;432.3316893697834;656
0.5450021296383056;432.8766914994217;657
0.5600021882522128;433.43669368767394;658
0.5350020905623865;433.9716957782363;659
0.5500021491762936;434.5216979274126;660
0.5450021296383056;435.0667000570509;661
0.5250020514864104;435.59170210853733;662
0.5350020905623865;436.1267041990997;663
0.5350020905623865;436.6617062896621;664
0.5400021101003745;437.2017083997625;665
0.5250020514864104;437.7267104512489;666
0.5400021101003745;438.26671256134927;667
0.5450021296383056;438.81171469098757;668
0.5350020905623865;439.34671678154996;669
0.5550021687142248;439.9017189502642;670
0.5600021882522128;440.4617211385164;671
0.5400021101003745;441.00172324861677;672
0.5600021882522128;441.561725436869;673
0.5600021882522128;442.1217276251212;674
0.5400021101003176;442.6617297352215;675
0.5550021687142817;443.2167319039358;676
0.5450021296383056;443.7617340335741;677
0.5400021101003176;444.3017361436744;678
0.5200020319484793;444.8217381756229;679
0.5350020905623865;445.3567402661853;680
0.5250020514864673;445.88174231767175;681
0.5200020319484793;446.40174434962023;682
0.5350020905623865;446.9367464401826;683
0.5500021491762936;447.4867485893589;684
0.5350020905623865;448.0217506799213;685
0.5500021491762368;448.57175282909753;686
0.5600021882522128;449.13175501734975;687
0.5450021296383056;449.67675714698805;688
0.5550021687142817;450.23175931570233;689
0.565002207790144;450.7967615234925;690
0.5550021687142817;451.35176369220676;691
0.5550021687142248;451.906765860921;692
0.5600021882522128;452.4667680491732;693
0.5500021491762936;453.0167701983495;694
0.5650022077902008;453.5817724061397;695
0.560002188252156;454.14177459439185;696
0.5450021296383625;454.6867767240302;697
0.5550021687142248;455.24177889274443;698
0.5450021296383056;455.78678102238274;699
0.5600021882522128;456.34678321063495;700
0.5650022077902008;456.91178541842515;701
0.5550021687142248;457.4667875871394;702
0.5850022859420392;458.0517898730814;703
0.57500224686612;458.62679211994754;704
0.5650022077902008;459.19179432773774;705
0.5750022468660632;459.7667965746038;706
0.5650022077902008;460.331798782394;707
0.5650022077902008;460.8968009901842;708
0.565002207790144;461.46180319797435;709
0.5550021687142817;462.01680536668863;710
0.570002227328132;462.58680759401676;711
0.565002207790144;463.1518098018069;712
0.5700022273281888;463.7218120291351;713
0.5500021491762368;464.27181417831133;714
0.5650022077902008;464.83681638610153;715
0.5600021882522128;465.39681857435374;716
0.5500021491762936;465.94682072353004;717
0.5500021491762368;466.4968228727063;718
0.5600021882522128;467.0568250609585;719
0.5500021491762936;467.6068272101348;720
0.5650022077902008;468.171829417925;721
0.565002207790144;468.7368316257151;722
0.5500021491762936;469.2868337748914;723
0.570002227328132;469.85683600221955;724
0.5600021882522128;470.41683819047176;725
0.5500021491762936;470.96684033964806;726
0.5600021882522128;471.52684252790027;727
0.5450021296383056;472.0718446575386;728
0.5450021296383056;472.6168467871769;729
0.5550021687142817;473.17184895589116;730
0.5600021882522128;473.7318511441434;731
0.5350020905623865;474.26685323470576;732
0.560002188252156;474.8268554229579;733
0.5400021101003745;475.3668575330583;734
0.5550021687142248;475.9218597017725;735
0.5600021882522128;476.48186189002473;736
0.5450021296383056;477.02686401966304;737
0.5600021882522128;477.58686620791525;738
0.5500021491762936;478.13686835709154;739
0.5450021296383056;478.68187048672985;740
0.5350020905623865;479.21687257729224;741
0.57500224686612;479.79187482415836;742
0.57500224686612;480.3668770710245;743
0.5600021882522128;480.9268792592767;744
0.5600021882522128;481.4868814475289;745
0.570002227328132;482.05688367485703;746
0.5500021491762936;482.6068858240333;747
0.570002227328132;483.17688805136146;748
0.5450021296383056;483.72189018099976;749
0.5400021101003745;484.26189229110014;750
0.5500021491762368;484.8118944402764;751
0.5400021101003745;485.35189655037675;752
0.5350020905623865;485.88689864093914;753
0.5500021491762936;486.43690079011543;754
0.5500021491762368;486.98690293929167;755
0.5450021296383625;487.53190506893003;756
0.5550021687142248;488.08690723764425;757
0.565002207790144;488.6519094454344;758
0.5450021296383625;489.19691157507276;759
0.5750022468660632;489.7719138219388;760
0.5600021882522128;490.33191601019104;761
0.5700022273281888;490.9019182375192;762
0.5800022664040512;491.4819205039233;763
0.5550021687142248;492.0369226726375;764
0.5600021882522128;492.5969248608897;765
0.5700022273281888;493.1669270882179;766
0.5450021296383056;493.7119292178562;767
0.5550021687142248;494.26693138657043;768
0.5500021491762936;494.8169335357467;769
0.5300020710243984;495.3469356067711;770
0.5450021296383056;495.89193773640943;771
0.5350020905623865;496.4269398269718;772
0.5300020710243984;496.9569418979962;773
0.5400021101003745;497.4969440080966;774
0.5500021491762936;498.0469461572729;775
0.5300020710243984;498.5769482282973;776
0.5550021687142248;499.1319503970115;777
0.5600021882522128;499.6919525852637;778
0.5450021296383625;500.2369547149021;779
0.5550021687142248;500.7919568836163;780
0.565002207790144;501.35695909140645;781
0.5400021101003745;501.8969612015068;782
0.5500021491762936;502.4469633506831;783
0.5400021101003176;502.98696546078344;784
0.5300020710244553;503.5169675318079;785
0.5450021296383056;504.0619696614462;786
0.5350020905623865;504.5969717520086;787
0.5300020710243984;505.126973823033;788
0.5450021296383056;505.6719759526713;789
0.5400021101003745;506.21197806277166;790
0.5500021491762368;506.7619802119479;791
0.5550021687142817;507.3169823806622;792
0.5400021101003176;507.8569844907625;793
0.5500021491762936;508.4069866399388;794
0.5500021491762936;508.9569887891151;795
0.5350020905623865;509.4919908796775;796
0.5500021491762368;510.0419930288537;797
0.5550021687142817;510.596995197568;798
0.5450021296383056;511.1419973272063;799
0.570002227328132;511.71199955453443;800
0.5700022273281888;512.2820017818626;801
0.555002168714168;512.8370039505768;802
0.570002227328132;513.4070061779049;803
0.5600021882522697;513.9670083661572;804
0.560002188252156;514.5270105544093;805
0.5650022077902577;515.0920127621996;806
0.5450021296383056;515.6370148918379;807
0.5500021491762936;516.1870170410142;808
0.5450021296383056;516.7320191706525;809
0.5500021491762936;517.2820213198288;810
0.55000214917618;517.832023469005;811
0.5450021296384193;518.3770255986434;812
0.5400021101003176;518.9170277087437;813
0.5450021296383056;519.462029838382;814
0.5450021296383056;520.0070319680203;815
0.5250020514864673;520.5320340195068;816
0.5350020905623296;521.0670361100691;817
0.5400021101003176;521.6070382201694;818
0.5200020319484793;522.1270402521179;819
0.5400021101004313;522.6670423622184;820
0.5350020905623296;523.2020444527807;821
0.5250020514864673;523.7270465042672;822
0.5150020124104913;524.2420485166776;823
0.5250020514864673;524.7670505681641;824
0.5300020710244553;525.2970526391886;825
0.5200020319484793;525.817054671137;826
0.5450021296383056;526.3620568007753;827
0.5450021296383056;526.9070589304137;828
0.5400021101003176;527.447061040514;829
0.5550021687142817;528.0020632092283;830
0.5400021101003176;528.5420653193286;831
0.5500021491762936;529.0920674685049;832
0.5450021296383056;529.6370695981432;833
0.5300020710244553;530.1670716691676;834
0.5350020905623296;530.70207375973;835
0.5250020514864673;531.2270758112164;836
0.5250020514864673;531.7520778627029;837
0.5250020514864673;532.2770799141894;838
0.5200020319484793;532.7970819461378;839
0.5250020514863536;533.3220839976242;840
0.5350020905624433;533.8570860881866;841
0.5350020905623296;534.392088178749;842
0.5500021491762936;534.9420903279253;843
0.570002227328132;535.5120925552534;844
0.5450021296383056;536.0570946848917;845
0.580002266404108;536.6370969512958;846
0.570002227328132;537.2070991786239;847
0.5550021687142817;537.7621013473382;848
0.5850022859419823;538.3471036332802;849
0.5550021687142817;538.9021058019945;850
0.570002227328132;539.4721080293226;851
0.5550021687142817;540.0271101980369;852
0.5450021296383056;540.5721123276752;853
0.5500021491762936;541.1221144768515;854
0.5400021101003176;541.6621165869518;855
0.5250020514864673;542.1871186384383;856
0.5450021296383056;542.7321207680766;857
0.5350020905624433;543.267122858639;858
0.5300020710243416;543.7971249296634;859
0.5500021491762936;544.3471270788397;860
0.5550021687142817;544.902129247554;861
0.5450021296383056;545.4471313771922;862
0.570002227328132;546.0171336045204;863
0.5550021687142817;546.5721357732347;864
0.555002168714168;547.1271379419488;865
0.5550021687142817;547.6821401106631;866
0.5500021491762936;548.2321422598394;867
0.555002168714168;548.7871444285536;868
0.5450021296384193;549.332146558192;869
0.5450021296383056;549.8771486878303;870
0.5300020710243416;550.4071507588546;871
0.5350020905624433;550.9421528494171;872
0.5300020710243416;551.4721549204414;873
0.5200020319484793;551.9921569523899;874
0.5350020905624433;552.5271590429523;875
0.5300020710243416;553.0571611139767;876
0.515002012410605;553.5721631263873;877
0.5150020124104913;554.0871651387978;878
0.5250020514864673;554.6121671902843;879
0.5400021101003176;555.1521693003846;880
0.5400021101003176;555.6921714104849;881
0.5400021101004313;556.2321735205853;882
0.5250020514863536;556.7571755720717;883
0.5350020905624433;557.2921776626341;884
0.5400021101003176;557.8321797727344;885
0.5350020905624433;558.3671818632969;886
0.5300020710243416;558.8971839343212;887
0.5350020905624433;559.4321860248837;888
0.5350020905623296;559.967188115446;889
0.5250020514864673;560.4921901669325;890
0.5300020710244553;561.0221922379569;891
0.5250020514863536;561.5471942894433;892
0.515002012410605;562.0621963018539;893
0.5300020710243416;562.5921983728782;894
0.5300020710244553;563.1222004439027;895
0.5150020124104913;563.6372024563132;896
0.5300020710244553;564.1672045273376;897
0.5200020319484793;564.6872065592861;898
0.5300020710243416;565.2172086303104;899
0.5250020514864673;565.7422106817969;900
0.5150020124104913;566.2572126942074;901
0.5250020514864673;566.7822147456939;902
0.5200020319484793;567.3022167776423;903
0.515002012410605;567.817218790053;904
0.5250020514863536;568.3422208415393;905
0.5300020710244553;568.8722229125638;906
0.5250020514864673;569.3972249640502;907
0.5400021101003176;569.9372270741505;908
0.5300020710244553;570.467229145175;909
0.5450021296383056;571.0122312748133;910
0.5400021101003176;571.5522333849136;911
0.5550021687142817;572.1072355536279;912
0.5250020514864673;572.6322376051144;913
0.5450021296383056;573.1772397347527;914
0.5250020514864673;573.7022417862391;915
0.5300020710243416;574.2322438572635;916
0.5250020514864673;574.75724590875;917
0.5350020905623296;575.2922479993123;918
0.5300020710244553;575.8222500703367;919
0.5250020514864673;576.3472521218232;920
0.5300020710244553;576.8772541928477;921
0.5150020124104913;577.3922562052581;922
0.5300020710243416;577.9222582762825;923
0.5200020319484793;578.442260308231;924
0.5200020319484793;578.9622623401794;925
0.5300020710244553;579.4922644112039;926
0.5200020319484793;580.0122664431524;927
0.5400021101003176;580.5522685532527;928
0.5350020905624433;581.0872706438151;929
0.5500021491762936;581.6372727929914;930
0.565002207790144;582.2022750007816;931
0.565002207790144;582.7672772085717;932
0.5600021882522697;583.327279396824;933
0.57500224686612;583.9022816436901;934
0.565002207790144;584.4672838514803;935
0.565002207790144;585.0322860592704;936
0.5600021882522697;585.5922882475227;937
0.5550021687142817;586.147290416237;938
0.555002168714168;586.7022925849511;939
0.5400021101003176;587.2422946950514;940
0.5300020710244553;587.7722967660759;941
0.5550021687142817;588.3272989347902;942
0.555002168714168;588.8823011035043;943
0.5400021101004313;589.4223032136048;944
0.5450021296383056;589.9673053432431;945
0.5400021101003176;590.5073074533434;946
0.5300020710244553;591.0373095243679;947
0.5350020905623296;591.5723116149302;948
0.5300020710244553;592.1023136859546;949
0.555002168714168;592.6573158546688;950
0.5450021296384193;593.2023179843072;951
0.55000214917618;593.7523201334834;952
0.5650022077902577;594.3173223412737;953
0.5450021296383056;594.862324470912;954
0.5850022859419823;595.447326756854;955
0.570002227328132;596.0173289841821;956
0.57500224686612;596.5923312310482;957
0.57500224686612;597.1673334779143;958
0.5550021687142817;597.7223356466286;959
0.565002207790144;598.2873378544188;960
0.5450021296383056;598.8323399840571;961
0.5550021687142817;599.3873421527713;962
0.5450021296383056;599.9323442824096;963
0.5350020905623296;600.467346372972;964
0.5400021101004313;601.0073484830724;965
0.5350020905623296;601.5423505736347;966
0.5450021296383056;602.087352703273;967
0.5450021296383056;602.6323548329113;968
0.5450021296383056;603.1773569625497;969
0.5450021296383056;603.722359092188;970
0.5400021101004313;604.2623612022884;971
0.5500021491762936;604.8123633514647;972
0.5450021296383056;605.357365481103;973
0.555002168714168;605.9123676498172;974
0.5650022077902577;606.4773698576074;975
0.5400021101003176;607.0173719677077;976
0.565002207790144;607.5823741754979;977
0.5450021296383056;608.1273763051362;978
0.5550021687142817;608.6823784738505;979
0.5550021687142817;609.2373806425647;980
0.5400021101003176;609.7773827526651;981
0.5500021491762936;610.3273849018414;982
0.5400021101003176;610.8673870119417;983
0.5450021296383056;611.41238914158;984
0.5350020905624433;611.9473912321424;985
0.5300020710243416;612.4773933031668;986
0.5400021101003176;613.0173954132671;987
0.5300020710244553;613.5473974842915;988
0.5450021296383056;614.0923996139298;989
0.5550021687142817;614.6474017826441;990
0.5300020710243416;615.1774038536685;991
0.5600021882522697;615.7374060419207;992
0.5400021101003176;616.277408152021;993
0.570002227328132;616.8474103793492;994
0.5500021491762936;617.3974125285255;995
0.5550021687142817;617.9524146972398;996
0.5550021687142817;618.507416865954;997
0.5400021101003176;619.0474189760544;998
0.5500021491762936;619.5974211252307;999
0.5300020710243416;620.127423196255;1000
0.5450021296383056;620.6724253258933;1001
0.5450021296383056;621.2174274555316;1002
0.5350020905624433;621.752429546094;1003
0.5450021296383056;622.2974316757324;1004
0.5300020710244553;622.8274337467568;1005
0.5400021101003176;623.3674358568571;1006
0.5350020905623296;623.9024379474195;1007
0.5300020710244553;624.4324400184439;1008
0.5400021101003176;624.9724421285442;1009
0.5250020514864673;625.4974441800307;1010
0.5400021101003176;626.037446290131;1011
0.5400021101004313;626.5774484002314;1012
0.5400021101003176;627.1174505103318;1013
0.5400021101003176;627.6574526204321;1014
0.5350020905624433;628.1924547109945;1015
0.5450021296383056;628.7374568406328;1016
0.5400021101003176;629.2774589507331;1017
0.5350020905623296;629.8124610412955;1018
0.5400021101004313;630.3524631513959;1019
0.5300020710243416;630.8824652224203;1020
0.5400021101004313;631.4224673325207;1021
0.5250020514863536;631.947469384007;1022
0.5450021296383056;632.4924715136453;1023
0.5450021296383056;633.0374736432836;1024
0.5250020514864673;633.5624756947701;1025
0.5450021296383056;634.1074778244084;1026
0.5300020710244553;634.6374798954329;1027
0.5450021296383056;635.1824820250712;1028
0.5450021296383056;635.7274841547095;1029
0.5300020710244553;636.2574862257339;1030
0.5400021101003176;636.7974883358343;1031
0.5200020319484793;637.3174903677827;1032
0.5350020905624433;637.8524924583452;1033
0.5250020514863536;638.3774945098315;1034
0.5100019928726169;638.8874965027042;1035
0.5200020319484793;639.4074985346526;1036
0.5050019733345152;639.9125005079871;1037
0.5250020514864673;640.4375025594736;1038
0.5100019928726169;640.9475045523462;1039
0.5250020514864673;641.4725066038327;1040
0.5000019537965272;641.9725085576292;1041
0.5200020319484793;642.4925105895777;1042
0.5300020710244553;643.0225126606022;1043
0.5250020514864673;643.5475147120886;1044
0.5300020710243416;644.077516783113;1045
0.5400021101004313;644.6175188932134;1046
0.5150020124104913;645.1325209056239;1047
0.5450021296383056;645.6775230352622;1048
0.5200020319484793;646.1975250672107;1049
0.5450021296383056;646.742527196849;1050
0.5250020514864673;647.2675292483354;1051
0.5250020514864673;647.7925312998219;1052
0.5300020710243416;648.3225333708463;1053
0.515002012410605;648.8375353832569;1054
0.5350020905623296;649.3725374738192;1055
0.5350020905624433;649.9075395643816;1056
0.5300020710243416;650.437541635406;1057
0.5250020514864673;650.9625436868924;1058
0.5300020710244553;651.4925457579169;1059
0.5200020319484793;652.0125477898654;1060
0.5150020124104913;652.5275498022759;1061
0.5200020319484793;653.0475518342244;1062
0.5200020319484793;653.5675538661728;1063
0.5200020319484793;654.0875558981213;1064
0.5050019733346289;654.5925578714559;1065
0.5100019928725033;655.1025598643284;1066
0.5150020124104913;655.6175618767389;1067
0.5250020514864673;656.1425639282254;1068
0.5000019537966409;656.642565882022;1069
0.5000019537966409;657.1425678358187;1070
0.5150020124104913;657.6575698482292;1071
0.5050019733345152;658.1625718215637;1072
0.515002012410605;658.6775738339743;1073
0.5150020124104913;659.1925758463848;1074
0.5150020124104913;659.7075778587953;1075
0.4950019342586529;660.2025797930539;1076
0.4900019147206649;660.6925817077746;1077
0.5150020124104913;661.2075837201851;1078
0.5350020905624433;661.7425858107475;1079
0.5450021296383056;662.2875879403858;1080
0.5100019928725033;662.7975899332583;1081
0.5400021101004313;663.3375920433588;1082
0.5350020905623296;663.8725941339211;1083
0.5350020905624433;664.4075962244835;1084
0.5300020710243416;664.9375982955079;1085
0.5150020124104913;665.4526003079184;1086
0.5200020319484793;665.9726023398669;1087
0.5100019928726169;666.4826043327395;1088
0.4950019342586529;666.9776062669981;1089
0.5050019733345152;667.4826082403326;1090
0.5000019537966409;667.9826101941293;1091
0.4900019147206649;668.47261210885;1092
0.5000019537966409;668.9726140626466;1093
0.4900019147206649;669.4626159773672;1094
0.5100019928726169;669.9726179702399;1095
0.5150020124104913;670.4876199826504;1096
0.5200020319484793;671.0076220145988;1097
0.5100019928725033;671.5176240074713;1098
0.520002031948593;672.0376260394199;1099
0.5100019928725033;672.5476280322924;1100
0.5300020710244553;673.0776301033169;1101
0.55000214917618;673.6276322524931;1102
0.5450021296384193;674.1726343821315;1103
0.55000214917618;674.7226365313077;1104
0.5300020710244553;675.2526386023321;1105
0.5350020905623296;675.7876406928945;1106
0.5250020514864673;676.3126427443809;1107
0.5200020319484793;676.8326447763294;1108
0.5000019537966409;677.332646730126;1109
0.4950019342586529;677.8276486643847;1110
0.5050019733346289;678.3326506377193;1111
0.5100019928725033;678.8426526305918;1112
0.5000019537966409;679.3426545843885;1113
0.4900019147206649;679.8326564991091;1114
0.5050019733346289;680.3376584724438;1115
0.5100019928725033;680.8476604653163;1116
0.5200020319484793;681.3676624972647;1117
0.5200020319484793;681.8876645292132;1118
0.5050019733346289;682.3926665025479;1119
0.5250020514864673;682.9176685540343;1120
0.5350020905623296;683.4526706445967;1121
0.5350020905624433;683.9876727351591;1122
0.5250020514863536;684.5126747866454;1123
0.5100019928726169;685.0226767795181;1124
0.5250020514864673;685.5476788310045;1125
0.5350020905623296;686.0826809215669;1126
0.5150020124104913;686.5976829339774;1127
0.515002012410605;687.112684946388;1128
0.5200020319484793;687.6326869783364;1129
0.5250020514863536;688.1576890298228;1130
0.515002012410605;688.6726910422334;1131
0.5100019928725033;689.1826930351059;1132
0.5200020319484793;689.7026950670544;1133
0.5050019733346289;690.207697040389;1134
0.5250020514863536;690.7326990918754;1135
0.5100019928726169;691.242701084748;1136
0.5150020124104913;691.7577030971585;1137
0.5250020514864673;692.2827051486449;1138
0.5150020124104913;692.7977071610554;1139
0.5150020124104913;693.3127091734659;1140
0.5000019537966409;693.8127111272626;1141
0.5050019733346289;694.3177131005972;1142
0.5100019928725033;694.8277150934697;1143
0.5100019928726169;695.3377170863423;1144
0.5000019537965272;695.8377190401388;1145
0.5100019928726169;696.3477210330115;1146
0.5200020319484793;696.8677230649599;1147
0.5050019733345152;697.3727250382944;1148
0.5100019928726169;697.8827270311671;1149
0.5350020905623296;698.4177291217294;1150
0.5250020514864673;698.9427311732159;1151
0.5150020124104913;699.4577331856264;1152
0.5400021101004313;699.9977352957268;1153
0.5300020710243416;700.5277373667511;1154
0.5200020319484793;701.0477393986996;1155
0.5300020710244553;701.5777414697241;1156
0.5150020124104913;702.0927434821346;1157
0.5200020319484793;702.612745514083;1158
0.5200020319484793;703.1327475460315;1159
0.5050019733346289;703.6377495193661;1160
0.5150020124104913;704.1527515317766;1161
0.5050019733346289;704.6577535051113;1162
0.5250020514863536;705.1827555565976;1163
0.5250020514864673;705.7077576080841;1164
0.5200020319484793;706.2277596400326;1165
0.5450021296383056;706.7727617696709;1166
0.5350020905624433;707.3077638602333;1167
0.5550021687142817;707.8627660289476;1168
0.55000214917618;708.4127681781238;1169
0.5450021296383056;708.9577703077621;1170
0.5600021882522697;709.5177724960143;1171
0.5550021687142817;710.0727746647286;1172
0.565002207790144;710.6377768725188;1173
0.5400021101003176;711.1777789826191;1174
0.5600021882522697;711.7377811708714;1175
0.5450021296383056;712.2827833005097;1176
0.555002168714168;712.8377854692238;1177
0.5450021296383056;713.3827875988621;1178
0.5450021296384193;713.9277897285006;1179
0.5450021296383056;714.4727918581389;1180
0.5400021101003176;715.0127939682392;1181
0.5450021296383056;715.5577960978775;1182
0.48000187564480257;716.0377979735223;1183
0.5300020710243416;716.5678000445466;1184
0.6050023640939344;717.1728024086406;1185
0.5300020710244553;717.702804479665;1186
0.5400021101003176;718.2428065897653;1187
0.5350020905623296;718.7778086803277;1188
0.5250020514864673;719.3028107318141;1189
0.5400021101003176;719.8428128419145;1190
0.5300020710244553;720.3728149129389;1191
0.5300020710244553;720.9028169839634;1192
0.5350020905623296;721.4378190745257;1193
0.5150020124104913;721.9528210869362;1194
0.5350020905624433;722.4878231774986;1195
0.5250020514864673;723.0128252289851;1196
0.5200020319484793;723.5328272609336;1197
0.5300020710243416;724.0628293319579;1198
0.5500021491762936;724.6128314811342;1199
0.5500021491762936;725.1628336303105;1200
0.5400021101003176;725.7028357404108;1201
0.5300020710244553;726.2328378114353;1202
0.5350020905623296;726.7678399019976;1203
0.5250020514864673;727.2928419534841;1204
0.5200020319484793;727.8128439854326;1205
0.5350020905624433;728.347846075995;1206
0.5050019733345152;728.8528480493295;1207
0.5400021101004313;729.3928501594299;1208
0.55000214917618;729.9428523086061;1209
0.5500021491762936;730.4928544577824;1210
0.5350020905624433;731.0278565483449;1211
0.5450021296383056;731.5728586779832;1212
0.5300020710243416;732.1028607490075;1213
0.5250020514864673;732.627862800494;1214
0.5250020514864673;733.1528648519804;1215
0.5100019928726169;733.662866844853;1216
0.5200020319484793;734.1828688768015;1217
0.5050019733345152;734.687870850136;1218
0.5200020319484793;735.2078728820845;1219
0.5200020319484793;735.727874914033;1220
0.5200020319484793;736.2478769459815;1221
0.5250020514864673;736.772878997468;1222
0.5200020319484793;737.2928810294164;1223
0.5300020710244553;737.8228831004409;1224
0.5250020514864673;738.3478851519274;1225
0.5350020905623296;738.8828872424897;1226
0.5500021491762936;739.432889391666;1227
0.5350020905623296;739.9678914822283;1228
1.080004220200749;741.0478957024291;1229
0.560002188252156;741.6078978906812;1230
0.5500021491762936;742.1579000398575;1231
0.5350020905624433;742.69290213042;1232
0.5500021491762936;743.2429042795962;1233
0.5300020710243416;743.7729063506206;1234
0.5350020905624433;744.307908441183;1235
0.5250020514864673;744.8329104926695;1236
0.5200020319484793;745.352912524618;1237
0.5200020319484793;745.8729145565665;1238
0.5100019928725033;746.382916549439;1239
0.5150020124104913;746.8979185618495;1240
0.5100019928726169;747.4079205547221;1241
0.5150020124104913;747.9229225671326;1242
0.5100019928725033;748.4329245600051;1243
0.5100019928726169;748.9429265528777;1244
0.5200020319484793;749.4629285848262;1245
0.5100019928725033;749.9729305776987;1246
0.5250020514864673;750.4979326291851;1247
0.5250020514864673;751.0229346806716;1248
0.5200020319484793;751.5429367126201;1249
0.5450021296383056;752.0879388422584;1250
0.5300020710243416;752.6179409132827;1251
0.5500021491762936;753.167943062459;1252
1.065004161586785;754.2329472240458;1253
0.5300020710244553;754.7629492950703;1254
0.5150020124104913;755.2779513074807;1255
0.5200020319484793;755.7979533394292;1256
0.515002012410605;756.3129553518398;1257
0.5150020124104913;756.8279573642503;1258
0.5200020319484793;757.3479593961988;1259
0.5000019537966409;757.8479613499954;1260
0.5150020124104913;758.3629633624059;1261
0.5100019928725033;758.8729653552784;1262
0.5100019928726169;759.382967348151;1263
0.5100019928725033;759.8929693410236;1264
0.5150020124104913;760.407971353434;1265
0.5000019537966409;760.9079733072307;1266
0.5150020124104913;761.4229753196412;1267
0.4950019342586529;761.9179772538998;1268
0.5100019928726169;762.4279792467725;1269
0.5150020124104913;762.942981259183;1270
0.5250020514864673;763.4679833106694;1271
0.5150020124104913;763.9829853230799;1272
0.5200020319484793;764.5029873550284;1273
0.5000019537966409;765.002989308825;1274
0.5150020124104913;765.5179913212355;1275
0.5150020124104913;766.032993333646;1276
0.5100019928726169;766.5429953265186;1277
0.5000019537965272;767.0429972803151;1278
0.5100019928726169;767.5529992731878;1279
0.5050019733345152;768.0580012465223;1280
0.515002012410605;768.5730032589329;1281
0.5150020124104913;769.0880052713434;1282
0.5050019733345152;769.5930072446779;1283
1.0150039662072459;770.6080112108851;1284
0.9650037708273658;771.5730149817125;1285
1.0100039466692579;772.5830189283818;1286
0.5150020124104913;773.0980209407923;1287
1.6200063303010666;774.7180272710933;1288
0.5100019928725033;775.2280292639658;1289
0.5250020514864673;775.7530313154523;1290
1.0300040248209825;776.7830353402733;1291
0.5100019928726169;777.2930373331459;1292
0.5150020124104913;777.8080393455564;1293
1.0050039271311562;778.8130432726875;1294
0.5050019733346289;779.3180452460222;1295
0.42500166072716183;779.7430469067493;1296
0.5100019928725033;780.2530488996218;1297
1.0200039857451202;781.273052885367;1298
0.9950038880552938;782.2680567734222;1299
0.5100019928725033;782.7780587662947;1300
0.5050019733346289;783.2830607396294;1301
1.0400040638969585;784.3230648035263;1302
0.4950019342586529;784.818066737785;1303
0.4850018951826769;785.3030686329677;1304
0.4850018951826769;785.7880705281503;1305
0.5000019537966409;786.288072481947;1306
0.4900019147206649;786.7780743966676;1307
0.4950019342586529;787.2730763309263;1308
0.5100019928726169;787.7830783237989;1309
0.5050019733345152;788.2880802971334;1310
0.5200020319484793;788.8080823290819;1311
0.515002012410605;789.3230843414925;1312
0.5100019928725033;789.833086334365;1313
0.5250020514864673;790.3580883858515;1314
0.5100019928725033;790.868090378724;1315
0.5200020319484793;791.3880924106725;1316
0.5200020319484793;791.908094442621;1317
0.515002012410605;792.4230964550316;1318
0.5200020319484793;792.94309848698;1319
0.5100019928725033;793.4531004798525;1320
0.5200020319484793;793.973102511801;1321
0.4550017779549762;794.428104289756;1322
0.570002227328132;794.9981065170841;1323
0.4550017779548625;795.453108295039;1324
0.570002227328132;796.0231105223671;1325
0.43500169980313785;796.4581122221703;1326
0.5200020319484793;796.9781142541187;1327
0.5150020124104913;797.4931162665292;1328
0.5050019733345152;797.9981182398637;1329
0.585002285942096;798.5831205258058;1330
0.9500037122136291;799.5331242380195;1331
0.5050019733345152;800.038126211354;1332
1.0050039271312698;801.0431301384853;1333
0.5900023054799703;801.6331324439652;1334
1.0350040443589705;802.6681364883242;1335
0.5150020124104913;803.1831385007347;1336
0.5100019928726169;803.6931404936073;1337
0.5250020514864673;804.2181425450938;1338
0.5100019928725033;804.7281445379663;1339
0.5200020319484793;805.2481465699148;1340
0.5150020124104913;805.7631485823252;1341
0.5050019733346289;806.2681505556599;1342
0.5150020124104913;806.7831525680704;1343
0.5000019537966409;807.283154521867;1344
0.5050019733345152;807.7881564952015;1345
0.5050019733346289;808.2931584685361;1346
0.4900019147206649;808.7831603832568;1347
0.5000019537966409;809.2831623370535;1348
0.5000019537966409;809.7831642908501;1349
0.4850018951826769;810.2681661860328;1350
0.5000019537966409;810.7681681398294;1351
0.4900019147206649;811.2581700545501;1352
0.4900019147206649;811.7481719692707;1353
0.4850018951827906;812.2331738644535;1354
0.4950019342586529;812.7281757987122;1355
0.4850018951826769;813.2131776938949;1356
0.5150020124104913;813.7281797063054;1357
1.505005880927797;815.2331855872332;1358
1.0300040248210962;816.2631896120542;1359
0.5050019733346289;816.7681915853889;1360
0.5100019928725033;817.2781935782614;1361
0.5100019928725033;817.7881955711339;1362
0.5000019537966409;818.2881975249305;1363
0.5050019733346289;818.7931994982652;1364
0.4950019342586529;819.2882014325238;1365
0.5000019537966409;819.7882033863204;1366
0.4950019342586529;820.2832053205791;1367
0.5050019733345152;820.7882072939136;1368
0.5050019733346289;821.2932092672482;1369
1.0150039662071322;822.3082132334554;1370
0.5100019928725033;822.8182152263279;1371
0.5100019928726169;823.3282172192005;1372
0.5100019928725033;823.838219212073;1373
0.5200020319484793;824.3582212440215;1374
0.5050019733346289;824.8632232173561;1375
0.5150020124104913;825.3782252297666;1376
0.5050019733345152;825.8832272031011;1377
0.5100019928726169;826.3932291959737;1378
0.4550017779548625;826.8482309739286;1379
0.5600021882522697;827.4082331621809;1380
0.4550017779548625;827.8632349401357;1381
0.5650022077902577;828.428237147926;1382
0.4950019342586529;828.9232390821846;1383
0.5050019733345152;829.4282410555192;1384
0.5000019537966409;829.9282430093158;1385
0.4950019342586529;830.4232449435744;1386
0.5050019733346289;830.9282469169091;1387
0.5200020319484793;831.4482489488576;1388
0.4450017388790002;831.8932506877366;1389
0.5800022664039943;832.4732529541405;1390
0.4500017584169882;832.9232547125575;1391
0.570002227328132;833.4932569398857;1392
0.4550017779549762;833.9482587178406;1393
0.560002188252156;834.5082609060928;1394
0.4950019342586529;835.0032628403515;1395
0.5050019733346289;835.5082648136861;1396
0.4950019342586529;836.0032667479447;1397
0.4950019342586529;836.4982686822034;1398
0.5000019537966409;836.998270636;1399
0.4900019147206649;837.4882725507207;1400
0.5000019537965272;837.9882745045172;1401
0.4850018951827906;838.4732763997;1402
0.4950019342586529;838.9682783339587;1403
0.4950019342586529;839.4632802682173;1404
0.9900038685173058;840.4532841367346;1405
2.865011195254624;843.3182953319892;1406
0.5000019537966409;843.8182972857859;1407
0.9950038880551801;844.8133011738411;1408
1.5450060372315875;846.3583072110727;1409
0.48000187564480257;846.8383090867175;1410
0.43000168026503616;847.2683107669825;1411
0.5550021687142817;847.8233129356968;1412
0.4850018951826769;848.3083148308795;1413
0.4900019147206649;848.7983167456001;1414
0.48000187564480257;849.2783186212449;1415
0.4950019342586529;849.7733205555036;1416
0.4850018951826769;850.2583224506863;1417
0.4900019147206649;850.7483243654069;1418
0.4950019342586529;851.2433262996656;1419
0.4900019147207786;851.7333282143863;1420
0.4950019342586529;852.228330148645;1421
1.980007737034498;854.2083378856795;1422
0.31000121135400605;854.5183390970335;1423
1.490005822313833;856.0083449193473;1424
0.5200020319484793;856.5283469512958;1425
1.0150039662071322;857.543350917503;1426
0.9850038489794315;858.5283547664824;1427
0.6150024031697967;859.1433571696522;1428
0.39000152396135945;859.5333586936135;1429
1.0150039662071322;860.5483626598207;1430
0.4900019147206649;861.0383645745413;1431
0.48000187564480257;861.5183664501861;1432
0.5400021101003176;862.0583685602865;1433
0.4900019147206649;862.5483704750071;1434
0.48000187564480257;863.0283723506519;1435
0.5150020124104913;863.5433743630624;1436
2.0350079519522524;865.5783823150147;1437
0.4900019147206649;866.0683842297353;1438
1.7750069359780127;867.8433911657133;1439
0.4950019342586529;868.338393099972;1440
0.4950019342586529;868.8333950342306;1441
0.9800038294413298;869.813398863672;1442
0.4850018951826769;870.2984007588547;1443
0.4850018951827906;870.7834026540374;1444
1.3350052166370006;872.1184078706744;1445
1.5400060176934858;873.6584138883679;1446
0.48000187564480257;874.1384157640127;1447
0.4950019342586529;874.6334176982714;1448
0.4950019342586529;875.12841963253;1449
0.5500021491762936;875.6784217817063;1450
0.4400017193410122;876.1184235010473;1451
0.5400021101003176;876.6584256111477;1452
0.4450017388790002;877.1034273500267;1453
0.5550021687142817;877.658429518741;1454
0.5000019537966409;878.1584314725376;1455
0.4950019342586529;878.6534334067962;1456
0.5150020124104913;879.1684354192067;1457
1.9850077565725996;881.1534431757793;1458
1.0150039662071322;882.1684471419865;1459
0.9850038489793178;883.1534509909658;1460
0.5150020124104913;883.6684530033763;1461
1.5250059590796354;885.1934589624559;1462
0.5100019928726169;885.7034609553285;1463
2.7950109217230192;888.4984718770515;1464
0.4850018951827906;888.9834737722343;1465
0.47500185610681456;889.4584756283411;1466
1.2800050017192461;890.7384806300604;1467
1.0550041225109226;891.7934847525713;1468
0.4800018756446889;892.273486628216;1469
0.5350020905624433;892.8084887187784;1470
0.4800018756446889;893.2884905944231;1471
0.4900019147207786;893.7784925091439;1472
0.4900019147206649;894.2684944238646;1473
0.5300020710243416;894.7984964948889;1474
0.9900038685173058;895.7885003634062;1475
0.9900038685173058;896.7785042319235;1476
1.2850050212573478;898.0635092531809;1477
0.47500185610681456;898.5385111092877;1478
0.4800018756446889;899.0185129849324;1479
0.4850018951827906;899.5035148801152;1480
1.7700069164400247;901.2735217965552;1481
0.5050019733345152;901.7785237698897;1482
0.9900038685173058;902.768527638407;1483
0.4950019342586529;903.2635295726657;1484
0.5200020319484793;903.7835316046142;1485
0.48000187564480257;904.263533480259;1486
0.4850018951826769;904.7485353754416;1487
1.0000039075932818;905.7485392830349;1488
2.295008967926492;908.0435482509614;1489
0.47000183656882655;908.5135500875302;1490
0.4800018756446889;908.9935519631749;1491
0.47000183656882655;909.4635537997437;1492
0.4850018951827906;909.9485556949265;1493
1.795007014129851;911.7435627090564;1494
1.0100039466691442;912.7535666557255;1495
0.47500185610681456;913.2285685118323;1496
0.5250020514863536;913.7535705633187;1497
0.48000187564480257;914.2335724389635;1498
0.4850018951826769;914.7185743341462;1499
0.9950038880552938;915.7135782222015;1500
2.30000898746448;918.013587209666;1501
0.4850018951826769;918.4985891048486;1502
0.9700037903654675;919.4685928952141;1503
0.4950019342586529;919.9635948294728;1504
0.4800018756446889;920.4435967051174;1505
0.4900019147207786;920.9335986198382;1506
0.47500185610670087;921.4086004759449;1507
0.9600037512894914;922.3686042272344;1508
0.4850018951827906;922.8536061224172;1509
1.3000050798711982;924.1536112022884;1510
0.5350020905623296;924.6886132928507;1511
0.4650018170309522;925.1536151098817;1512
0.4950019342586529;925.6486170441403;1513
0.5300020710243416;926.1786191151647;1514
0.48000187564480257;926.6586209908095;1515
0.4800018756446889;927.1386228664542;1516
1.0000039075932818;928.1386267740475;1517
0.9850038489793178;929.1236306230268;1518
0.5050019733346289;929.6286325963614;1519
0.46500181703083854;930.0936344133922;1520
1.780006955515887;931.8736413689081;1521
0.48000187564480257;932.3536432445529;1522
0.47500185610681456;932.8286451006597;1523
0.4850018951826769;933.3136469958424;1524
0.4850018951826769;933.7986488910251;1525
1.3050050994091862;935.1036539904343;1526
0.5950023250179584;935.6986563154522;1527
0.885003458220126;936.5836597736724;1528
0.46500181703083854;937.0486615907032;1529
0.5350020905623296;937.5836636812655;1530
1.790006994591863;939.3736706758574;1531
0.9800038294414435;940.3536745052988;1532
0.4550017779548625;940.8086762832537;1533
1.3200051580231502;942.1286814412769;1534
0.47000183656871286;942.5986832778456;1535
0.5300020710244553;943.12868534887;1536
1.0200039857451202;944.1486893346151;1537
1.3000050798711982;945.4486944144863;1538
0.46500181703083854;945.9136962315172;1539
1.8600072681234678;947.7737034996406;1540
0.4550017779548625;948.2287052775955;1541
0.47000183656882655;948.6987071141643;1542
2.290008948388504;950.9887160625528;1543
0.4550017779549762;951.4437178405078;1544
1.3200051580230365;952.7637229985309;1545
0.47500185610681456;953.2387248546377;1546
0.5300020710243416;953.768726925662;1547
0.47000183656882655;954.2387287622308;1548
0.5200020319484793;954.7587307941793;1549
0.9900038685173058;955.7487346626966;1550
2.2800089093126417;958.0287435720093;1551
0.47500185610681456;958.5037454281161;1552
0.47500185610670087;958.9787472842228;1553
0.46500181703083854;959.4437491012536;1554
1.2900050407953358;960.733754142049;1555
0.4850018951826769;961.2187560372316;1556
0.5050019733346289;961.7237580105663;1557
0.47500185610681456;962.1987598666731;1558
0.5250020514863536;962.7237619181594;1559
0.4900019147207786;963.2137638328802;1560
1.495005841851821;964.708769674732;1561
0.4900019147206649;965.1987715894527;1562
0.7800030479227189;965.9787746373754;1563
0.47000183656882655;966.4487764739442;1564
0.47500185610681456;966.923778330051;1565
0.46500181703083854;967.3887801470819;1566
1.3050050994091862;968.6937852464911;1567
0.4900019147206649;969.1837871612117;1568
0.5000019537966409;969.6837891150084;1569
0.5250020514864673;970.2087911664948;1570
0.48000187564480257;970.6887930421397;1571
0.9850038489793178;971.673796891119;1572
1.0300040248209825;972.70380091594;1573
0.7150027939292158;973.4188037098692;1574
0.5400021101003176;973.9588058199695;1575
0.47500185610681456;974.4338076760763;1576
0.7400028916189285;975.1738105676952;1577
0.9850038489793178;976.1588144166745;1578
0.5250020514864673;976.683816468161;1579
0.9800038294414435;977.6638202976025;1580
0.5200020319484793;978.1838223295509;1581
0.4950019342586529;978.6788242638096;1582
0.5000019537965272;979.1788262176061;1583
0.4900019147207786;979.6688281323269;1584
0.4850018951826769;980.1538300275096;1585
1.2600049235675215;981.4138349510771;1586
0.46500181703083854;981.8788367681079;1587
1.2550049040295335;983.1338416721375;1588
0.5100019928725033;983.64384366501;1589
0.9750038099034555;984.6188474749134;1590
1.0000039075931682;985.6188513825066;1591
1.0200039857451202;986.6388553682517;1592
1.2800050017193598;987.9188603699711;1593
1.790006994591863;989.7088673645629;1594
0.9800038294413298;990.6888711940043;1595
0.47000183656882655;991.1588730305731;1596
0.585002285942096;991.7438753165152;1597
1.4750057636999827;993.2188810802152;1598
1.0000039075932818;994.2188849878085;1599
0.5200020319484793;994.7388870197569;1600
1.0100039466691442;995.7488909664261;1601
1.510005900465785;997.2588968668919;1602
1.0150039662071322;998.273900833099;1603
0.5200020319484793;998.7939028650475;1604
1.5500060567695755;1000.343908921817;1605
0.5150020124104913;1000.8589109342275;1606
1.5550060763074498;1002.413917010535;1607
0.5150020124104913;1002.9289190229455;1608
1.3250051775610245;1004.2539242005065;1609
0.9100035559098387;1005.1639277564163;1610
0.57500224686612;1005.7389300032825;1611
0.590002305480084;1006.3289323087625;1612
0.23500091828441327;1006.563933227047;1613
0.9750038099033418;1007.5389370369503;1614
0.6000023445559464;1008.1389393815062;1615
0.6700026180874374;1008.8089419995937;1616
1.2900050407953358;1010.098947040389;1617
0.6450025203976111;1010.7439495607866;1618
0.7050027548532398;1011.4489523156399;1619
0.6900026962392758;1012.1389550118791;1620
0.7000027353153655;1012.8389577471945;1621
0.7400028916189285;1013.5789606388134;1622
0.4400017193410122;1014.0189623581545;1623
0.3250012699678564;1014.3439636281223;1624
0.7850030674607069;1015.128966695583;1625
0.8700033996060483;1015.9989700951891;1626
0.43500169980313785;1016.4339717949922;1627
0.5000019537965272;1016.9339737487887;1628
0.5300020710244553;1017.4639758198132;1629
0.9450036926756411;1018.4089795124888;1630
0.4900019147206649;1018.8989814272095;1631
0.4900019147206649;1019.3889833419302;1632
0.9700037903654675;1020.3589871322956;1633
0.4850018951826769;1020.8439890274783;1634
0.47500185610681456;1021.3189908835851;1635
0.5350020905623296;1021.8539929741474;1636
0.43500169980313785;1022.2889946739506;1637
0.4950019342586529;1022.7839966082092;1638
0.4850018951826769;1023.2689985033919;1639
0.48000187564480257;1023.7490003790367;1640
0.9500037122136291;1024.6990040912503;1641
1.2100047281876414;1025.909008819438;1642
0.9050035363718507;1026.8140123558098;1643
0.8900034777580004;1027.7040158335678;1644
1.0100039466692579;1028.714019780237;1645
0.5000019537965272;1029.2140217340336;1646
0.4900019147207786;1029.7040236487544;1647
0.5200020319484793;1030.2240256807029;1648
1.0500041029729346;1031.2740297836758;1649
0.5100019928725033;1031.7840317765483;1650
0.515002012410605;1032.299033788959;1651
0.5200020319484793;1032.8190358209074;1652
0.5000019537965272;1033.319037774704;1653
0.5200020319484793;1033.8390398066524;1654
0.5300020710244553;1034.3690418776769;1655
0.5100019928725033;1034.8790438705494;1656
1.0300040248209825;1035.9090478953703;1657
0.5000019537967546;1036.409049849167;1658
0.5150020124103776;1036.9240518615775;1659
0.525002051486581;1037.449053913064;1660
0.5100019928725033;1037.9590559059366;1661
0.5150020124103776;1038.474057918347;1662
0.525002051486581;1038.9990599698335;1663
0.5200020319484793;1039.519062001782;1664
0.5400021101004313;1040.0590641118824;1665
0.570002227328132;1040.6290663392106;1666
0.5650022077900303;1041.1940685470006;1667
0.560002188252156;1041.7540707352528;1668
0.5650022077902577;1042.319072943043;1669
0.5300020710244553;1042.8490750140675;1670
0.5650022077902577;1043.4140772218577;1671
0.5450021296383056;1043.959079351496;1672
0.5450021296383056;1044.5040814811343;1673
0.570002227328132;1045.0740837084625;1674
0.580002266404108;1045.6540859748666;1675
0.5550021687140543;1046.2090881435806;1676
0.570002227328132;1046.7790903709088;1677
0.5850022859422097;1047.364092656851;1678
0.5750022468660063;1047.939094903717;1679
0.5350020905623296;1048.4740969942793;1680
0.5500021491764073;1049.0240991434557;1681
0.5550021687142817;1049.57910131217;1682
0.4900019147205512;1050.0691032268905;1683
0.6650025985495631;1050.73410582544;1684
0.5850022859419823;1051.319108111382;1685
0.5600021882523833;1051.8791102996345;1686
0.5900023054798567;1052.4691126051143;1687
0.5750022468662337;1053.0441148519806;1688
0.5150020124103776;1053.559116864391;1689
0.6550025594735871;1054.2141194238645;1690
0.6050023640939344;1054.8191217879585;1691
0.5100019928725033;1055.329123780831;1692
0.6600025790116888;1055.9891263598427;1693
0.605002364093707;1056.5941287239364;1694
0.60000234455606;1057.1941310684924;1695
0.590002305480084;1057.7841333739725;1696
0.6200024227077847;1058.4041357966803;1697
0.6350024813216351;1059.039138278002;1698
0.6100023836318087;1059.6491406616337;1699
0.6300024617837607;1060.2791431234175;1700
0.6500025399357128;1060.9291456633532;1701
0.6200024227077847;1061.549148086061;1702
0.6350024813216351;1062.1841505673826;1703
0.6250024422458864;1062.8091530096285;1704
0.6300024617837607;1063.4391554714123;1705
0.625002442245659;1064.064157913658;1706
0.590002305480084;1064.654160219138;1707
0.6000023445558327;1065.2541625636939;1708
0.6050023640939344;1065.8591649277878;1709
0.5300020710244553;1066.3891669988122;1710
0.6550025594735871;1067.0441695582858;1711
0.6450025203976111;1067.6891720786834;1712
0.6750026376253118;1068.3641747163088;1713
0.6350024813218624;1068.9991771976306;1714
0.6600025790114614;1069.659179776642;1715
0.6400025008597368;1070.2991822775018;1716
0.6050023640939344;1070.9041846415957;1717
0.6000023445558327;1071.5041869861516;1718
0.60000234455606;1072.1041893307076;1719
0.5650022077900303;1072.6691915384977;1720
0.570002227328132;1073.2391937658258;1721
0.515002012410605;1073.7541957782364;1722
0.5850022859419823;1074.3391980641784;1723
1.0100039466692579;1075.3492020108476;1724
0.835003262840246;1076.184205273688;1725
0.590002305480084;1076.774207579168;1726
0.6000023445558327;1077.3742099237238;1727
1.15000449373224;1078.524214417456;1728
0.5200020319484793;1079.0442164494045;1729
0.6350024813218624;1079.6792189307264;1730
1.140004454656264;1080.8192233853827;1731
0.5650022077900303;1081.3842255931727;1732
0.5950023250179584;1081.9792279181906;1733
0.6150024031699104;1082.5942303213606;1734
0.6150024031699104;1083.2092327245305;1735
0.6800026571634135;1083.8892353816939;1736
0.6650025985495631;1084.5542379802434;1737
0.625002442245659;1085.179240422489;1738
0.6550025594735871;1085.8342429819627;1739
0.6600025790114614;1086.4942455609742;1740
0.6250024422458864;1087.11924800322;1741
0.6400025008595094;1087.7592505040795;1742
0.6600025790116888;1088.4192530830912;1743
0.6350024813216351;1089.0542555644129;1744
0.6400025008597368;1089.6942580652726;1745
0.6650025985495631;1090.3592606638222;1746
0.6700026180874374;1091.0292632819096;1747
0.6450025203976111;1091.6742658023072;1748
0.6450025203976111;1092.3192683227048;1749
0.6800026571634135;1092.9992709798682;1750
0.6950027157772638;1093.6942736956455;1751
0.7100027743911141;1094.4042764700366;1752
0.6450025203976111;1095.0492789904342;1753
0.7000027353153655;1095.7492817257496;1754
0.6950027157772638;1096.4442844415269;1755
0.6650025985495631;1097.1092870400764;1756
0.6650025985495631;1097.774289638626;1757
0.6900026962391621;1098.4642923348651;1758
0.6900026962393895;1099.1542950311045;1759
0.6550025594735871;1099.8092975905781;1760
0.7000027353153655;1100.5093003258935;1761
0.6900026962391621;1101.1993030221327;1762
0.6500025399357128;1101.8493055620684;1763
0.6800026571634135;1102.5293082192318;1764
0.6800026571634135;1103.2093108763952;1765
0.6600025790114614;1103.8693134554067;1766
0.6400025008597368;1104.5093159562664;1767
0.6550025594735871;1105.16431851574;1768
0.6700026180874374;1105.8343211338274;1769
1.2650049431053958;1107.0993260769328;1770
0.6450025203976111;1107.7443285973304;1771
0.6500025399357128;1108.3943311372661;1772
0.6300024617837607;1109.02433359905;1773
0.6500025399354854;1109.6743361389854;1774
0.6400025008597368;1110.3143386398451;1775
0.6150024031699104;1110.929341043015;1776
0.6200024227077847;1111.5493434657228;1777
0.6200024227077847;1112.1693458884306;1778
0.6100023836318087;1112.7793482720624;1779
0.6050023640939344;1113.3843506361563;1780
0.6000023445558327;1113.9843529807122;1781
0.6150024031699104;1114.599355383882;1782
0.6250024422458864;1115.224357826128;1783
0.615002403169683;1115.8393602292977;1784
0.6150024031699104;1116.4543626324676;1785
0.625002442245659;1117.0793650747132;1786
1.225004786801719;1118.304369861515;1787
0.6050023640939344;1118.9093722256089;1788
0.5950023250179584;1119.5043745506268;1789
0.6350024813218624;1120.1393770319487;1790
0.6450025203976111;1120.7843795523463;1791
0.615002403169683;1121.399381955516;1792
0.6450025203978385;1122.0443844759138;1793
0.6350024813216351;1122.6793869572355;1794
0.6100023836318087;1123.2893893408673;1795
0.6250024422458864;1123.9143917831132;1796
0.6100023836318087;1124.524394166745;1797
0.6100023836318087;1125.1343965503768;1798
0.590002305480084;1125.7243988558569;1799
0.5850022859419823;1126.3094011417988;1800
0.5950023250179584;1126.9044034668168;1801
0.590002305480084;1127.494405772297;1802
0.5750022468660063;1128.069408019163;1803
0.5850022859422097;1128.654410305105;1804
0.7200028134670902;1129.3744131185722;1805
0.6900026962393895;1130.0644158148116;1806
0.6700026180874374;1130.734418432899;1807
0.6350024813216351;1131.3694209142207;1808
0.6350024813216351;1132.0044233955423;1809
0.6150024031699104;1132.6194257987122;1810
0.6150024031699104;1133.234428201882;1811
0.6100023836318087;1133.844430585514;1812
0.6200024227077847;1134.4644330082217;1813
0.6250024422458864;1135.0894354504676;1814
0.6200024227077847;1135.7094378731754;1815
0.6000023445558327;1136.3094402177312;1816
0.5950023250179584;1136.9044425427492;1817
0.5950023250179584;1137.4994448677671;1818
0.590002305480084;1138.0894471732472;1819
0.5850022859419823;1138.6744494591892;1820
0.5850022859419823;1139.2594517451312;1821
0.5650022077902577;1139.8244539529214;1822
0.5750022468662337;1140.3994561997877;1823
0.5750022468660063;1140.9744584466537;1824
0.5650022077902577;1141.539460654444;1825
0.5950023250179584;1142.134462979462;1826
0.6000023445558327;1142.7344653240177;1827
0.60000234455606;1143.3344676685738;1828
0.5950023250179584;1143.9294699935917;1829
0.5850022859419823;1144.5144722795337;1830
0.5850022859419823;1145.0994745654757;1831
0.570002227328132;1145.6694767928038;1832
0.5650022077902577;1146.234479000594;1833
0.570002227328132;1146.8044812279222;1834
0.560002188252156;1147.3644834161744;1835
0.5750022468662337;1147.9394856630406;1836
0.580002266404108;1148.5194879294447;1837
0.5850022859419823;1149.1044902153867;1838
0.570002227328132;1149.6744924427148;1839
0.5850022859419823;1150.2594947286568;1840
0.590002305480084;1150.849497034137;1841
0.5850022859419823;1151.4344993200789;1842
0.60000234455606;1152.034501664635;1843
0.5900023054798567;1152.6245039701148;1844
0.580002266404108;1153.204506236519;1845
0.5750022468662337;1153.7795084833851;1846
0.5550021687140543;1154.3345106520992;1847
0.5600021882523833;1154.8945128403516;1848
0.560002188252156;1155.4545150286037;1849
0.5650022077902577;1156.019517236394;1850
0.5900023054798567;1156.6095195418739;1851
0.6400025008597368;1157.2495220427336;1852
0.625002442245659;1157.8745244849792;1853
0.830003243302599;1158.7045277282818;1854
0.8600033605300723;1159.564531088812;1855
0.8200032042263956;1160.3845342930383;1856
0.800003126074671;1161.184537419113;1857
0.7400028916190422;1161.924540310732;1858
0.6650025985493357;1162.5895429092814;1859
0.6650025985495631;1163.254545507831;1860
0.6500025399357128;1163.9045480477666;1861
0.625002442245659;1164.5295504900123;1862
0.6100023836318087;1165.139552873644;1863
0.6050023640939344;1165.744555237738;1864
0.6150024031699104;1166.359557640908;1865
0.6450025203976111;1167.0045601613056;1866
0.6400025008597368;1167.6445626621653;1867
0.6650025985495631;1168.3095652607149;1868
0.6950027157772638;1169.0045679764921;1869
0.6700026180874374;1169.6745705945796;1870
0.6550025594735871;1170.3295731540532;1871
0.6600025790114614;1170.9895757330646;1872
0.6350024813216351;1171.6245782143862;1873
0.6500025399357128;1172.274580754322;1874
0.6350024813216351;1172.9095832356436;1875
0.6200024227077847;1173.5295856583514;1876
0.6350024813218624;1174.1645881396732;1877
0.6400025008595094;1174.8045906405328;1878
0.6350024813218624;1175.4395931218546;1879
0.6400025008595094;1176.0795956227141;1880
0.6400025008597368;1176.7195981235739;1881
0.6450025203976111;1177.3646006439715;1882
0.6500025399357128;1178.0146031839072;1883
0.6400025008595094;1178.6546056847667;1884
0.6500025399357128;1179.3046082247024;1885
0.6450025203976111;1179.9496107451;1886
0.6150024031699104;1180.56461314827;1887
0.625002442245659;1181.1896155905156;1888
0.6150024031699104;1181.8046179936855;1889
0.6050023640939344;1182.4096203577794;1890
0.6000023445558327;1183.0096227023353;1891
0.6550025594735871;1183.6646252618089;1892
0.6500025399357128;1184.3146278017446;1893
0.6700026180874374;1184.984630419832;1894
0.6650025985495631;1185.6496330183816;1895
0.6500025399354854;1186.299635558317;1896
0.6600025790114614;1186.9596381373285;1897
0.6650025985495631;1187.624640735878;1898
0.6500025399357128;1188.2746432758138;1899
0.6550025594735871;1188.9296458352874;1900
0.6650025985493357;1189.5946484338367;1901
0.6550025594735871;1190.2496509933103;1902
0.6550025594735871;1190.9046535527839;1903
0.6700026180874374;1191.5746561708713;1904
0.6600025790116888;1192.234658749883;1905
0.6350024813216351;1192.8696612312046;1906
0.6550025594735871;1193.5246637906782;1907
0.6550025594735871;1194.1796663501518;1908
0.6350024813216351;1194.8146688314735;1909
0.6450025203976111;1195.459671351871;1910
0.6500025399357128;1196.1096738918068;1911
0.6300024617837607;1196.7396763535905;1912
0.6300024617835334;1197.369678815374;1913
0.5600021882523833;1197.9296810036265;1914
0.6700026180874374;1198.599683621714;1915
0.5900023054798567;1199.1896859271938;1916
0.590002305480084;1199.7796882326738;1917
0.580002266404108;1200.359690499078;1918
0.5750022468660063;1200.934692745944;1919
0.590002305480084;1201.524695051424;1920
0.6050023640939344;1202.129697415518;1921
0.6300024617837607;1202.7596998773017;1922
0.6150024031699104;1203.3747022804716;1923
0.6300024617837607;1204.0047047422554;1924
0.6450025203976111;1204.649707262653;1925
0.6350024813216351;1205.2847097439746;1926
0.6650025985495631;1205.9497123425242;1927
0.6850026767012878;1206.6347150192255;1928
0.6450025203976111;1207.279717539623;1929
0.6650025985495631;1207.9447201381727;1930
0.6750026376253118;1208.619722775798;1931
0.6350024813218624;1209.2547252571198;1932
0.6550025594735871;1209.9097278165934;1933
0.6500025399354854;1210.559730356529;1934
0.6300024617837607;1211.1897328183127;1935
0.6400025008597368;1211.8297353191724;1936
0.6500025399354854;1212.479737859108;1937
0.6150024031699104;1213.0947402622778;1938
0.6400025008597368;1213.7347427631375;1939
0.6400025008595094;1214.374745263997;1940
0.6300024617837607;1215.0047477257808;1941
0.6450025203976111;1215.6497502461784;1942
0.6650025985495631;1216.314752844728;1943
0.6250024422458864;1216.9397552869739;1944
0.6550025594735871;1217.5947578464475;1945
0.6400025008595094;1218.234760347307;1946
0.6400025008597368;1218.8747628481667;1947
0.6500025399354854;1219.5247653881022;1948
0.6400025008597368;1220.164767888962;1949
0.6350024813216351;1220.7997703702836;1950
0.6400025008597368;1221.4397728711433;1951
0.6300024617837607;1222.069775332927;1952
0.6250024422458864;1222.694777775173;1953
0.6300024617835334;1223.3247802369565;1954
0.6300024617837607;1223.9547826987402;1955
0.6100023836320361;1224.5647850823723;1956
0.6200024227077847;1225.18478750508;1957
0.6200024227077847;1225.8047899277879;1958
0.6100023836318087;1226.4147923114197;1959
0.6350024813216351;1227.0497947927413;1960
0.6250024422458864;1227.6747972349872;1961
0.625002442245659;1228.2997996772328;1962
0.6400025008597368;1228.9398021780926;1963
0.6500025399357128;1229.5898047180283;1964
0.6300024617837607;1230.219807179812;1965
0.6500025399354854;1230.8698097197475;1966
0.6550025594735871;1231.5248122792211;1967
0.6350024813216351;1232.1598147605428;1968
0.6500025399357128;1232.8098173004785;1969
0.6350024813216351;1233.4448197818;1970
0.6200024227077847;1234.064822204508;1971
0.6200024227077847;1234.6848246272157;1972
0.6250024422458864;1235.3098270694616;1973
0.6100023836318087;1235.9198294530934;1974
0.6100023836318087;1236.5298318367252;1975
0.6150024031699104;1237.144834239895;1976
0.6100023836318087;1237.754836623527;1977
0.6150024031699104;1238.3698390266968;1978
0.6100023836318087;1238.9798414103286;1979
0.5950023250179584;1239.5748437353466;1980
0.5750022468662337;1240.1498459822128;1981
0.580002266404108;1240.729848248617;1982
0.5750022468660063;1241.304850495483;1983
0.5950023250179584;1241.8998528205009;1984
0.6050023640939344;1242.5048551845948;1985
0.6050023640939344;1243.1098575486888;1986
0.6200024227077847;1243.7298599713965;1987
0.6300024617837607;1244.3598624331803;1988
0.6100023836318087;1244.969864816812;1989
0.6300024617837607;1245.5998672785959;1990
0.6400025008597368;1246.2398697794556;1991
0.6350024813216351;1246.8748722607772;1992
0.6150024031699104;1247.4898746639471;1993
0.6400025008597368;1248.1298771648069;1994
0.6350024813216351;1248.7648796461285;1995
0.6150024031699104;1249.3798820492984;1996
0.625002442245659;1250.004884491544;1997
0.6200024227077847;1250.6248869142519;1998
0.6150024031699104;1251.2398893174218;1999
0.6200024227077847;1251.8598917401296;2000
0.6400025008597368;1252.4998942409893;2001
0.6300024617837607;1253.129896702773;2002
0.6200024227077847;1253.7498991254809;2003
0.6000023445558327;1254.3499014700367;2004
0.5950023250179584;1254.9449037950546;2005
0.5950023250179584;1255.5399061200726;2006
0.590002305480084;1256.1299084255527;2007
0.580002266404108;1256.7099106919568;2008
0.5750022468660063;1257.2849129388228;2009
0.590002305480084;1257.8749152443029;2010
0.590002305480084;1258.464917549783;2011
0.5800022664038806;1259.0449198161868;2012
0.5950023250181857;1259.639922141205;2013
0.6000023445558327;1260.2399244857609;2014
0.6150024031699104;1260.8549268889308;2015
0.5950023250179584;1261.4499292139487;2016
0.6400025008597368;1262.0899317148085;2017
0.6900026962391621;1262.7799344110476;2018
0.6650025985495631;1263.4449370095972;2019
0.7050027548532398;1264.1499397644504;2020
0.7350028720809405;1264.8849426365314;2021
0.6800026571634135;1265.5649452936948;2022
0.6700026180874374;1266.2349479117822;2023
0.6600025790116888;1266.894950490794;2024
0.6550025594735871;1267.5499530502675;2025
0.625002442245659;1268.1749554925132;2026
0.6300024617837607;1268.804957954297;2027
0.6400025008597368;1269.4449604551567;2028
0.6050023640939344;1270.0499628192506;2029
0.625002442245659;1270.6749652614963;2030
0.6450025203976111;1271.3199677818939;2031
0.6350024813218624;1271.9549702632157;2032
0.6300024617835334;1272.5849727249993;2033
0.6500025399357128;1273.234975264935;2034
0.6650025985495631;1273.8999778634845;2035
0.6300024617837607;1274.5299803252683;2036
0.6600025790114614;1275.1899829042798;2037
0.6650025985495631;1275.8549855028293;2038
0.6550025594735871;1276.509988062303;2039
0.6850026767012878;1277.1949907390042;2040
0.6700026180874374;1277.8649933570916;2041
0.6400025008597368;1278.5049958579514;2042
0.6450025203976111;1279.149998378349;2043
